country,state,city,keyword
Indonesia,Aceh,Aceh Barat,Aceh Barat
Indonesia,Aceh,Aceh Barat Daya,Aceh Barat Daya
Indonesia,Aceh,Aceh Besar,Aceh Besar
Indonesia,Aceh,Aceh Jaya,Aceh Jaya
Indonesia,Aceh,Aceh Selatan,Aceh Selatan
Indonesia,Aceh,Aceh Singkil,Aceh Singkil
Indonesia,Aceh,Aceh Tamiang,Aceh Tamiang
Indonesia,Aceh,Aceh Tengah,Aceh Tengah
Indonesia,Aceh,Aceh Tenggara,Aceh Tenggara
Indonesia,Aceh,Aceh Timur,Aceh Timur
Indonesia,Aceh,Aceh Utara,Aceh Utara
Indonesia,Aceh,Banda Aceh,Banda Aceh
Indonesia,Aceh,Bener Meriah,Bener Meriah
Indonesia,Aceh,Bireuen,Bireuen
Indonesia,Aceh,Gayo Lues,Gayo Lues
Indonesia,Aceh,Langsa,Langsa
Indonesia,Aceh,Lhokseumawe,Lhokseumawe
Indonesia,Aceh,Nagan Raya,Nagan Raya
Indonesia,Aceh,Pidie,Pidie
Indonesia,Aceh,Pidie Jaya,Pidie Jaya
Indonesia,Aceh,Sabang,Sabang
Indonesia,Aceh,Simeulue,Simeulue
Indonesia,Aceh,Aceh,Aceh
Indonesia,Aceh,Subulussalam,Subulussalam
Indonesia,Bali,Badung,Badung
Indonesia,Bali,Bangli,Bangli
Indonesia,Bali,Buleleng,Buleleng
Indonesia,Bali,Denpasar,Denpasar
Indonesia,Bali,Gianyar,Gianyar
Indonesia,Bali,Jembrana,Jembrana
Indonesia,Bali,Karangasem,Karangasem
Indonesia,Bali,Klungkung,Klungkung
Indonesia,Bali,Tabanan,Tabanan
Indonesia,Bangka Belitung,Bangka,Bangka
Indonesia,Bangka Belitung,Bangka Barat,Bangka Barat
Indonesia,Bangka Belitung,Bangka Selatan,Bangka Selatan
Indonesia,Bangka Belitung,Bangka Tengah,Bangka Tengah
Indonesia,Bangka Belitung,Belitung,Belitung
Indonesia,Bangka Belitung,Belitung Timur,Belitung Timur
Indonesia,Bangka Belitung,Pangkalpinang,Pangkalpinang
Indonesia,Banten,Cilegon,Cilegon
Indonesia,Banten,Kota Serang,Kota Serang
Indonesia,Banten,Kota Tangerang,Kota Tangerang
Indonesia,Banten,Lebak,Lebak
Indonesia,Banten,Pandeglang,Pandeglang
Indonesia,Banten,Serang,Serang
Indonesia,Banten,Tangerang,Tangerang
Indonesia,Banten,Tangerang Selatan,Tangerang Selatan
Indonesia,Bengkulu,Bengkulu,Bengkulu
Indonesia,Bengkulu,Bengkulu Selatan,Bengkulu Selatan
Indonesia,Bengkulu,Bengkulu Tengah,Bengkulu Tengah
Indonesia,Bengkulu,Bengkulu Utara,Bengkulu Utara
Indonesia,Bengkulu,Kaur,Kaur
Indonesia,Bengkulu,Kepahiang,Kepahiang
Indonesia,Bengkulu,Lebong,Lebong
Indonesia,Bengkulu,Mukomuko,Mukomuko
Indonesia,Bengkulu,Rejang Lebong,Rejang Lebong
Indonesia,Bengkulu,Seluma,Seluma
Indonesia,Gorontalo,Boalemo,Boalemo
Indonesia,Gorontalo,Bone Bolango,Bone Bolango
Indonesia,Gorontalo,Danau Limboto,Danau Limboto
Indonesia,Gorontalo,Gorontalo,Gorontalo
Indonesia,Gorontalo,Gorontalo Utara,Gorontalo Utara
Indonesia,Gorontalo,Kota Gorontalo,Kota Gorontalo
Indonesia,Gorontalo,Pohuwato,Pohuwato
Indonesia,Jakarta Raya,Jakarta Selatan,Jak
Indonesia,Jakarta Raya,Jakarta Selatan,Jkt
Indonesia,Jakarta Raya,Jakarta Barat,JakBar
Indonesia,Jakarta Raya,Jakarta Barat,Jak Bar
Indonesia,Jakarta Raya,Jakarta Barat,West Jakarta
Indonesia,Jakarta Raya,Jakarta Barat,Jakarta Barat
Indonesia,Jakarta Raya,Jakarta Pusat,JakPus
Indonesia,Jakarta Raya,Jakarta Pusat,Jak Pus
Indonesia,Jakarta Raya,Jakarta Pusat,Central Jakarta
Indonesia,Jakarta Raya,Jakarta Pusat,Jakarta Pusat
Indonesia,Jakarta Raya,Jakarta Selatan,JakSel
Indonesia,Jakarta Raya,Jakarta Selatan,Jak Sel
Indonesia,Jakarta Raya,Jakarta Selatan,South Jakarta
Indonesia,Jakarta Raya,Jakarta Selatan,Jakarta Selatan
Indonesia,Jakarta Raya,Jakarta Timur,JakTim
Indonesia,Jakarta Raya,Jakarta Timur,Jak Tim
Indonesia,Jakarta Raya,Jakarta Timur,East Jakarta
Indonesia,Jakarta Raya,Jakarta Timur,Jakarta Timur
Indonesia,Jakarta Raya,Jakarta Utara,JakUt
Indonesia,Jakarta Raya,Jakarta Utara,Jak Ut
Indonesia,Jakarta Raya,Jakarta Utara,North Jakarta
Indonesia,Jakarta Raya,Jakarta Utara,Jakarta Utara
Indonesia,Jakarta Raya,Kepulauan Seribu,Kep. Seribu
Indonesia,Jakarta Raya,Kepulauan Seribu,Thousand Islands
Indonesia,Jakarta Raya,Kepulauan Seribu,Thousands Island
Indonesia,Jakarta Raya,Kepulauan Seribu,Thousand Island
Indonesia,Jakarta Raya,Kepulauan Seribu,Pulau Seribu
Indonesia,Jakarta Raya,Kepulauan Seribu,Kepulauan Seribu
Indonesia,Jambi,Batang Hari,Batang Hari
Indonesia,Jambi,Bungo,Bungo
Indonesia,Jambi,Jambi,Jambi
Indonesia,Jambi,Kerinci,Kerinci
Indonesia,Jambi,Merangin,Merangin
Indonesia,Jambi,Muaro Jambi,Muaro Jambi
Indonesia,Jambi,Sarolangun,Sarolangun
Indonesia,Jambi,Sungai Penuh,Sungai Penuh
Indonesia,Jambi,Tanjung Jabung B,Tanjung Jabung B
Indonesia,Jambi,Tanjung Jabung T,Tanjung Jabung T
Indonesia,Jambi,Tebo,Tebo
Indonesia,Jawa Barat,Bandung,Bdg
Indonesia,Jawa Barat,Bandung,Bandung
Indonesia,Jawa Barat,Bandung Barat,West Bandung
Indonesia,Jawa Barat,Bandung Barat,Bandung Barat
Indonesia,Jawa Barat,Banjar,Banjar
Indonesia,Jawa Barat,Bekasi,Bekasi
Indonesia,Jawa Barat,Bogor,Bgr
Indonesia,Jawa Barat,Bogor,Bogor
Indonesia,Jawa Barat,Ciamis,Ciamis
Indonesia,Jawa Barat,Cianjur,Cianjur
Indonesia,Jawa Barat,Cimahi,Cimahi
Indonesia,Jawa Barat,Cirebon,Cirebon
Indonesia,Jawa Barat,Depok,Dpk
Indonesia,Jawa Barat,Depok,Depok
Indonesia,Jawa Barat,Garut,Garut
Indonesia,Jawa Barat,Indramayu,Indramayu
Indonesia,Jawa Barat,Karawang,Karawang
Indonesia,Jawa Barat,Kota Bandung,Kota Bandung
Indonesia,Jawa Barat,Kota Bekasi,Kota Bekasi
Indonesia,Jawa Barat,Kota Bogor,Kota Bogor
Indonesia,Jawa Barat,Kota Cirebon,Kota Cirebon
Indonesia,Jawa Barat,Kota Sukabumi,Kota Sukabumi
Indonesia,Jawa Barat,Kota Tasikmalaya,Kota Tasikmalaya
Indonesia,Jawa Barat,Kuningan,Kuningan
Indonesia,Jawa Barat,Majalengka,Majalengka
Indonesia,Jawa Barat,Purwakarta,Purwakarta
Indonesia,Jawa Barat,Subang,Subang
Indonesia,Jawa Barat,Sukabumi,Sukabumi
Indonesia,Jawa Barat,Sumedang,Sumedang
Indonesia,Jawa Barat,Tasikmalaya,Tasikmalaya
Indonesia,Jawa Barat,Waduk Cirata,Waduk Cirata
Indonesia,Jawa Tengah,Banjarnegara,Banjarnegara
Indonesia,Jawa Tengah,Banyumas,Banyumas
Indonesia,Jawa Tengah,Batang,Batang
Indonesia,Jawa Tengah,Blora,Blora
Indonesia,Jawa Tengah,Boyolali,Boyolali
Indonesia,Jawa Tengah,Brebes,Brebes
Indonesia,Jawa Tengah,Cilacap,Cilacap
Indonesia,Jawa Tengah,Demak,Demak
Indonesia,Jawa Tengah,Grobogan,Grobogan
Indonesia,Jawa Tengah,Jepara,Jepara
Indonesia,Jawa Tengah,Karanganyar,Karanganyar
Indonesia,Jawa Tengah,Kebumen,Kebumen
Indonesia,Jawa Tengah,Kendal,Kendal
Indonesia,Jawa Tengah,Klaten,Klaten
Indonesia,Jawa Tengah,Kota Magelang,Kota Magelang
Indonesia,Jawa Tengah,Kota Pekalongan,Kota Pekalongan
Indonesia,Jawa Tengah,Kota Semarang,Kota Semarang
Indonesia,Jawa Tengah,Kota Tegal,Kota Tegal
Indonesia,Jawa Tengah,Kudus,Kudus
Indonesia,Jawa Tengah,Magelang,Magelang
Indonesia,Jawa Tengah,Pati,Pati
Indonesia,Jawa Tengah,Pekalongan,Pekalongan
Indonesia,Jawa Tengah,Pemalang,Pemalang
Indonesia,Jawa Tengah,Purbalingga,Purbalingga
Indonesia,Jawa Tengah,Purworejo,Purworejo
Indonesia,Jawa Tengah,Rembang,Rembang
Indonesia,Jawa Tengah,Salatiga,Salatiga
Indonesia,Jawa Tengah,Semarang,Semarang
Indonesia,Jawa Tengah,Sragen,Sragen
Indonesia,Jawa Tengah,Sukoharjo,Sukoharjo
Indonesia,Jawa Tengah,Surakarta,Surakarta
Indonesia,Jawa Tengah,Tegal,Tegal
Indonesia,Jawa Tengah,Temanggung,Temanggung
Indonesia,Jawa Tengah,Waduk Kedungombo,Waduk Kedungombo
Indonesia,Jawa Tengah,Wonogiri,Wonogiri
Indonesia,Jawa Tengah,Wonosobo,Wonosobo
Indonesia,Jawa Timur,Bangkalan,Bangkalan
Indonesia,Jawa Timur,Banyuwangi,Banyuwangi
Indonesia,Jawa Timur,Batu,Batu
Indonesia,Jawa Timur,Blitar,Blitar
Indonesia,Jawa Timur,Bojonegoro,Bojonegoro
Indonesia,Jawa Timur,Bondowoso,Bondowoso
Indonesia,Jawa Timur,Gresik,Gresik
Indonesia,Jawa Timur,Jember,Jember
Indonesia,Jawa Timur,Jombang,Jombang
Indonesia,Jawa Timur,Kediri,Kediri
Indonesia,Jawa Timur,Kota Blitar,Kota Blitar
Indonesia,Jawa Timur,Kota Kediri,Kota Kediri
Indonesia,Jawa Timur,Kota Madiun,Kota Madiun
Indonesia,Jawa Timur,Kota Malang,Kota Malang
Indonesia,Jawa Timur,Kota Mojokerto,Kota Mojokerto
Indonesia,Jawa Timur,Kota Pasuruan,Kota Pasuruan
Indonesia,Jawa Timur,Kota Probolinggo,Kota Probolinggo
Indonesia,Jawa Timur,Lamongan,Lamongan
Indonesia,Jawa Timur,Lumajang,Lumajang
Indonesia,Jawa Timur,Madiun,Madiun
Indonesia,Jawa Timur,Magetan,Magetan
Indonesia,Jawa Timur,Malang,Malang
Indonesia,Jawa Timur,Mojokerto,Mojokerto
Indonesia,Jawa Timur,Nganjuk,Nganjuk
Indonesia,Jawa Timur,Ngawi,Ngawi
Indonesia,Jawa Timur,Pacitan,Pacitan
Indonesia,Jawa Timur,Pamekasan,Pamekasan
Indonesia,Jawa Timur,Pasuruan,Pasuruan
Indonesia,Jawa Timur,Ponorogo,Ponorogo
Indonesia,Jawa Timur,Probolinggo,Probolinggo
Indonesia,Jawa Timur,Sampang,Sampang
Indonesia,Jawa Timur,Sidoarjo,Sidoarjo
Indonesia,Jawa Timur,Situbondo,Situbondo
Indonesia,Jawa Timur,Sumenep,Sumenep
Indonesia,Jawa Timur,Surabaya,Surabaya
Indonesia,Jawa Timur,Trenggalek,Trenggalek
Indonesia,Jawa Timur,Tuban,Tuban
Indonesia,Jawa Timur,Tulungagung,Tulungagung
Indonesia,Kalimantan Barat,Bengkayang,Bengkayang
Indonesia,Kalimantan Barat,Kapuas Hulu,Kapuas Hulu
Indonesia,Kalimantan Barat,Kayong Utara,Kayong Utara
Indonesia,Kalimantan Barat,Ketapang,Ketapang
Indonesia,Kalimantan Barat,Kota Pontianak,Kota Pontianak
Indonesia,Kalimantan Barat,Kubu Raya,Kubu Raya
Indonesia,Kalimantan Barat,Landak,Landak
Indonesia,Kalimantan Barat,Melawi,Melawi
Indonesia,Kalimantan Barat,Pontianak,Pontianak
Indonesia,Kalimantan Barat,Sambas,Sambas
Indonesia,Kalimantan Barat,Sanggau,Sanggau
Indonesia,Kalimantan Barat,Sekadau,Sekadau
Indonesia,Kalimantan Barat,Singkawang,Singkawang
Indonesia,Kalimantan Barat,Sintang,Sintang
Indonesia,Kalimantan Selatan,Balangan,Balangan
Indonesia,Kalimantan Selatan,Banjar Baru,BanjarBaru
Indonesia,Kalimantan Selatan,Banjar Baru,Banjar Baru
Indonesia,Kalimantan Selatan,Banjarmasin,Banjarmasin
Indonesia,Kalimantan Selatan,Barito Kuala,Barito Kuala
Indonesia,Kalimantan Selatan,Hulu Sungai Selatan,Hulu Sungai Selatan
Indonesia,Kalimantan Selatan,Hulu Sungai Tengah,Hulu Sungai Tengah
Indonesia,Kalimantan Selatan,Hulu Sungai Utara,Hulu Sungai Utara
Indonesia,Kalimantan Selatan,Kota Baru,Kota Baru
Indonesia,Kalimantan Selatan,Tabalong,Tabalong
Indonesia,Kalimantan Selatan,Tanah Bumbu,Tanah Bumbu
Indonesia,Kalimantan Selatan,Tanah Laut,Tanah Laut
Indonesia,Kalimantan Selatan,Tapin,Tapin
Indonesia,Kalimantan Tengah,Barito Selatan,Barito Selatan
Indonesia,Kalimantan Tengah,Barito Timur,Barito Timur
Indonesia,Kalimantan Tengah,Barito Utara,Barito Utara
Indonesia,Kalimantan Tengah,Gunung Mas,Gunung Mas
Indonesia,Kalimantan Tengah,Kapuas,Kapuas
Indonesia,Kalimantan Tengah,Katingan,Katingan
Indonesia,Kalimantan Tengah,Kotawaringin Barat,Kotawaringin Barat
Indonesia,Kalimantan Tengah,Kotawaringin Timur,Kotawaringin Timur
Indonesia,Kalimantan Tengah,Lamandau,Lamandau
Indonesia,Kalimantan Tengah,Murung Raya,Murung Raya
Indonesia,Kalimantan Tengah,Palangka Raya,Palangka Raya
Indonesia,Kalimantan Tengah,Pulang Pisau,Pulang Pisau
Indonesia,Kalimantan Tengah,Seruyan,Seruyan
Indonesia,Kalimantan Tengah,Sukamara,Sukamara
Indonesia,Kalimantan Timur,Balikpapan,Balikpapan
Indonesia,Kalimantan Timur,Berau,Berau
Indonesia,Kalimantan Timur,Bontang,Bontang
Indonesia,Kalimantan Timur,Bulungan,Bulungan
Indonesia,Kalimantan Timur,Kutai Barat,Kutai Barat
Indonesia,Kalimantan Timur,Kutai Kartanegara,Kutai Kartanegara
Indonesia,Kalimantan Timur,Kutai Timur,Kutai Timur
Indonesia,Kalimantan Timur,Malinau,Malinau
Indonesia,Kalimantan Timur,Nunukan,Nunukan
Indonesia,Kalimantan Timur,Paser,Paser
Indonesia,Kalimantan Timur,Penajam Paser Utara,Penajam Paser Utara
Indonesia,Kalimantan Timur,Samarinda,Samarinda
Indonesia,Kalimantan Timur,Tana Tidung,Tana Tidung
Indonesia,Kalimantan Timur,Tarakan,Tarakan
Indonesia,Kepulauan Riau,Batam,Batam
Indonesia,Kepulauan Riau,Bintan,Bintan
Indonesia,Kepulauan Riau,Karimun,Karimun
Indonesia,Kepulauan Riau,Kepulauan Anambas,Kepulauan Anambas
Indonesia,Kepulauan Riau,Lingga,Lingga
Indonesia,Kepulauan Riau,Natuna,Natuna
Indonesia,Kepulauan Riau,Tanjungpinang,Tanjungpinang
Indonesia,Lampung,Bandar Lampung,Bandar Lampung
Indonesia,Lampung,Lampung Barat,Lampung Barat
Indonesia,Lampung,Lampung Selatan,Lampung Selatan
Indonesia,Lampung,Lampung Tengah,Lampung Tengah
Indonesia,Lampung,Lampung Timur,Lampung Timur
Indonesia,Lampung,Lampung Utara,Lampung Utara
Indonesia,Lampung,Mesuji,Mesuji
Indonesia,Lampung,Metro,Metro
Indonesia,Lampung,Pesawaran,Pesawaran
Indonesia,Lampung,Pringsewu,Pringsewu
Indonesia,Lampung,Tanggamus,Tanggamus
Indonesia,Lampung,Tulang Bawang Barat,Tulang Bawang Barat
Indonesia,Lampung,Tulangbawang,Tulangbawang
Indonesia,Lampung,Way Kanan,Way Kanan
Indonesia,Maluku,Ambon,Ambon
Indonesia,Maluku,Buru,Buru
Indonesia,Maluku,Buru Selatan,Buru Selatan
Indonesia,Maluku,Kepulauan Aru,Kepulauan Aru
Indonesia,Maluku,Maluku Barat Daya,Maluku Barat Daya
Indonesia,Maluku,Maluku Tengah,Maluku Tengah
Indonesia,Maluku,Maluku Tenggara,Maluku Tenggara
Indonesia,Maluku,Maluku Tenggara Barat,Maluku Tenggara Barat
Indonesia,Maluku,Seram Bagian Barat,Seram Bagian Barat
Indonesia,Maluku,Seram Bagian Timur,Seram Bagian Timur
Indonesia,Maluku,Tual,Tual
Indonesia,Maluku Utara,Halmahera Barat,Halmahera Barat
Indonesia,Maluku Utara,Halmahera Selatan,Halmahera Selatan
Indonesia,Maluku Utara,Halmahera Tengah,Halmahera Tengah
Indonesia,Maluku Utara,Halmahera Timur,Halmahera Timur
Indonesia,Maluku Utara,Halmahera Utara,Halmahera Utara
Indonesia,Maluku Utara,Kepulauan Sula,Kepulauan Sula
Indonesia,Maluku Utara,Pulau Morotai,Pulau Morotai
Indonesia,Maluku Utara,Ternate,Ternate
Indonesia,Maluku Utara,Tidore Kepulauan,Tidore Kepulauan
Indonesia,Nusa Tenggara Barat,Bima,Bima
Indonesia,Nusa Tenggara Barat,Dompu,Dompu
Indonesia,Nusa Tenggara Barat,Kota Bima,Kota Bima
Indonesia,Nusa Tenggara Barat,Lombok Barat,Lombok Barat
Indonesia,Nusa Tenggara Barat,Lombok Tengah,Lombok Tengah
Indonesia,Nusa Tenggara Barat,Lombok Timur,Lombok Timur
Indonesia,Nusa Tenggara Barat,Lombok Utara,Lombok Utara
Indonesia,Nusa Tenggara Barat,Mataram,Mataram
Indonesia,Nusa Tenggara Barat,Sumbawa,Sumbawa
Indonesia,Nusa Tenggara Barat,Sumbawa Barat,Sumbawa Barat
Indonesia,Nusa Tenggara Timur,Alor,Alor
Indonesia,Nusa Tenggara Timur,Belu,Belu
Indonesia,Nusa Tenggara Timur,Ende,Ende
Indonesia,Nusa Tenggara Timur,Flores Timur,Flores Timur
Indonesia,Nusa Tenggara Timur,Kota Kupang,Kota Kupang
Indonesia,Nusa Tenggara Timur,Kupang,Kupang
Indonesia,Nusa Tenggara Timur,Lembata,Lembata
Indonesia,Nusa Tenggara Timur,Manggarai,Manggarai
Indonesia,Nusa Tenggara Timur,Manggarai Barat,Manggarai Barat
Indonesia,Nusa Tenggara Timur,Manggarai Timur,Manggarai Timur
Indonesia,Nusa Tenggara Timur,Nagekeo,Nagekeo
Indonesia,Nusa Tenggara Timur,Ngada,Ngada
Indonesia,Nusa Tenggara Timur,Rote Ndao,Rote Ndao
Indonesia,Nusa Tenggara Timur,Sabu Raijua,Sabu Raijua
Indonesia,Nusa Tenggara Timur,Sikka,Sikka
Indonesia,Nusa Tenggara Timur,Sumba Barat,Sumba Barat
Indonesia,Nusa Tenggara Timur,Sumba Barat Daya,Sumba Barat Daya
Indonesia,Nusa Tenggara Timur,Sumba Tengah,Sumba Tengah
Indonesia,Nusa Tenggara Timur,Sumba Timur,Sumba Timur
Indonesia,Nusa Tenggara Timur,Timor Tengah Selatan,Timor Tengah Selatan
Indonesia,Nusa Tenggara Timur,Timor Tengah Utara,Timor Tengah Utara
Indonesia,Papua,Asmat,Asmat
Indonesia,Papua,Biak Numfor,Biak Numfor
Indonesia,Papua,Boven Digoel,Boven Digoel
Indonesia,Papua,Deiyai,Deiyai
Indonesia,Papua,Dogiyai,Dogiyai
Indonesia,Papua,Intan Jaya,Intan Jaya
Indonesia,Papua,Jayapura,Jayapura
Indonesia,Papua,Jayawijaya,Jayawijaya
Indonesia,Papua,Keerom,Keerom
Indonesia,Papua,Kepulauan Yapen,Kepulauan Yapen
Indonesia,Papua,Kota Jayapura,Kota Jayapura
Indonesia,Papua,Lanny Jaya,Lanny Jaya
Indonesia,Papua,Mamberamo Raya,Mamberamo Raya
Indonesia,Papua,Mamberamo Tengah,Mamberamo Tengah
Indonesia,Papua,Mappi,Mappi
Indonesia,Papua,Merauke,Merauke
Indonesia,Papua,Mimika,Mimika
Indonesia,Papua,Nabire,Nabire
Indonesia,Papua,Nduga,Nduga
Indonesia,Papua,Paniai,Paniai
Indonesia,Papua,Pegunungan Bintang,Pegunungan Bintang
Indonesia,Papua,Puncak,Puncak
Indonesia,Papua,Puncak Jaya,Puncak Jaya
Indonesia,Papua,Sarmi,Sarmi
Indonesia,Papua,Supiori,Supiori
Indonesia,Papua,Tolikara,Tolikara
Indonesia,Papua,Waropen,Waropen
Indonesia,Papua,Yahukimo,Yahukimo
Indonesia,Papua,Yalimo,Yalimo
Indonesia,Papua Barat,Fakfak,Fakfak
Indonesia,Papua Barat,Kaimana,Kaimana
Indonesia,Papua Barat,Kota Sorong,Kota Sorong
Indonesia,Papua Barat,Manokwari,Manokwari
Indonesia,Papua Barat,Maybrat,Maybrat
Indonesia,Papua Barat,Raja Ampat,Raja Ampat
Indonesia,Papua Barat,Sorong,Sorong
Indonesia,Papua Barat,Sorong Selatan,Sorong Selatan
Indonesia,Papua Barat,Tambrauw,Tambrauw
Indonesia,Papua Barat,Teluk Bintuni,Teluk Bintuni
Indonesia,Papua Barat,Teluk Wondama,Teluk Wondama
Indonesia,Riau,Bengkalis,Bengkalis
Indonesia,Riau,Dumai,Dumai
Indonesia,Riau,Indragiri Hilir,Indragiri Hilir
Indonesia,Riau,Indragiri Hulu,Indragiri Hulu
Indonesia,Riau,Kampar,Kampar
Indonesia,Riau,Kepulauan Meranti,Kepulauan Meranti
Indonesia,Riau,Kuantan Singingi,Kuantan Singingi
Indonesia,Riau,Pekanbaru,Pekanbaru
Indonesia,Riau,Pelalawan,Pelalawan
Indonesia,Riau,Rokan Hilir,Rokan Hilir
Indonesia,Riau,Rokan Hulu,Rokan Hulu
Indonesia,Riau,Siak,Siak
Indonesia,Sulawesi Barat,Majene,Majene
Indonesia,Sulawesi Barat,Mamasa,Mamasa
Indonesia,Sulawesi Barat,Mamuju,Mamuju
Indonesia,Sulawesi Barat,Mamuju Utara,Mamuju Utara
Indonesia,Sulawesi Barat,Polewali Mandar,Polewali Mandar
Indonesia,Sulawesi Selatan,Bantaeng,Bantaeng
Indonesia,Sulawesi Selatan,Barru,Barru
Indonesia,Sulawesi Selatan,Bone,Bone
Indonesia,Sulawesi Selatan,Bulukumba,Bulukumba
Indonesia,Sulawesi Selatan,Enrekang,Enrekang
Indonesia,Sulawesi Selatan,Gowa,Gowa
Indonesia,Sulawesi Selatan,Jeneponto,Jeneponto
Indonesia,Sulawesi Selatan,Kepulauan Selayar,Kepulauan Selayar
Indonesia,Sulawesi Selatan,Luwu,Luwu
Indonesia,Sulawesi Selatan,Luwu Timur,Luwu Timur
Indonesia,Sulawesi Selatan,Luwu Utara,Luwu Utara
Indonesia,Sulawesi Selatan,Makassar,Makassar
Indonesia,Sulawesi Selatan,Maros,Maros
Indonesia,Sulawesi Selatan,Palopo,Palopo
Indonesia,Sulawesi Selatan,Pangkajene Dan Kepulauan,Pangkajene Dan Kepulauan
Indonesia,Sulawesi Selatan,Parepare,Parepare
Indonesia,Sulawesi Selatan,Pinrang,Pinrang
Indonesia,Sulawesi Selatan,Sidenreng Rappang,Sidenreng Rappang
Indonesia,Sulawesi Selatan,Sinjai,Sinjai
Indonesia,Sulawesi Selatan,Soppeng,Soppeng
Indonesia,Sulawesi Selatan,Takalar,Takalar
Indonesia,Sulawesi Selatan,Tana Toraja,Tana Toraja
Indonesia,Sulawesi Selatan,Toraja Utara,Toraja Utara
Indonesia,Sulawesi Selatan,Wajo,Wajo
Indonesia,Sulawesi Tengah,Banggai,Banggai
Indonesia,Sulawesi Tengah,Banggai Kepulauan,Banggai Kepulauan
Indonesia,Sulawesi Tengah,Buol,Buol
Indonesia,Sulawesi Tengah,Donggala,Donggala
Indonesia,Sulawesi Tengah,Morowali,Morowali
Indonesia,Sulawesi Tengah,Palu,Palu
Indonesia,Sulawesi Tengah,Parigi Moutong,Parigi Moutong
Indonesia,Sulawesi Tengah,Poso,Poso
Indonesia,Sulawesi Tengah,Sigi,Sigi
Indonesia,Sulawesi Tengah,Tojo Una-Una,Tojo Una-Una
Indonesia,Sulawesi Tengah,Toli-Toli,Toli-Toli
Indonesia,Sulawesi Tenggara,Bau-Bau,Bau-Bau
Indonesia,Sulawesi Tenggara,Bombana,Bombana
Indonesia,Sulawesi Tenggara,Buton,Buton
Indonesia,Sulawesi Tenggara,Buton Utara,Buton Utara
Indonesia,Sulawesi Tenggara,Kendari,Kendari
Indonesia,Sulawesi Tenggara,Kolaka,Kolaka
Indonesia,Sulawesi Tenggara,Kolaka Utara,Kolaka Utara
Indonesia,Sulawesi Tenggara,Konawe,Konawe
Indonesia,Sulawesi Tenggara,Konawe Selatan,Konawe Selatan
Indonesia,Sulawesi Tenggara,Konawe Utara,Konawe Utara
Indonesia,Sulawesi Tenggara,Muna,Muna
Indonesia,Sulawesi Tenggara,Wakatobi,Wakatobi
Indonesia,Sulawesi Utara,Bitung,Bitung
Indonesia,Sulawesi Utara,Bolaang Mongondow,Bolaang Mongondow
Indonesia,Sulawesi Utara,Bolaang Mongondow Selatan,Bolaang Mongondow Selatan
Indonesia,Sulawesi Utara,Bolaang Mongondow Timur,Bolaang Mongondow Timur
Indonesia,Sulawesi Utara,Bolaang Mongondow Utara,Bolaang Mongondow Utara
Indonesia,Sulawesi Utara,Kepulauan Sangihe,Kepulauan Sangihe
Indonesia,Sulawesi Utara,Kepulauan Talaud,Kepulauan Talaud
Indonesia,Sulawesi Utara,Kotamobagu,Kotamobagu
Indonesia,Sulawesi Utara,Manado,Manado
Indonesia,Sulawesi Utara,Minahasa,Minahasa
Indonesia,Sulawesi Utara,Minahasa Selatan,Minahasa Selatan
Indonesia,Sulawesi Utara,Minahasa Tenggara,Minahasa Tenggara
Indonesia,Sulawesi Utara,Minahasa Utara,Minahasa Utara
Indonesia,Sulawesi Utara,Siau Tagulandang Biaro,Siau Tagulandang Biaro
Indonesia,Sulawesi Utara,Tomohon,Tomohon
Indonesia,Sumatera Barat,Agam,Agam
Indonesia,Sumatera Barat,Bukittinggi,Bukittinggi
Indonesia,Sumatera Barat,Danau,Danau
Indonesia,Sumatera Barat,Dharmasraya,Dharmasraya
Indonesia,Sumatera Barat,Kepulauan Mentawai,Kepulauan Mentawai
Indonesia,Sumatera Barat,Kota Solok,Kota Solok
Indonesia,Sumatera Barat,Lima Puluh Kota,Lima Puluh Kota
Indonesia,Sumatera Barat,Padang,Padang
Indonesia,Sumatera Barat,Padang Panjang,Padang Panjang
Indonesia,Sumatera Barat,Padang Pariaman,Padang Pariaman
Indonesia,Sumatera Barat,Pariaman,Pariaman
Indonesia,Sumatera Barat,Pasaman,Pasaman
Indonesia,Sumatera Barat,Pasaman Barat,Pasaman Barat
Indonesia,Sumatera Barat,Payakumbuh,Payakumbuh
Indonesia,Sumatera Barat,Pesisir Selatan,Pesisir Selatan
Indonesia,Sumatera Barat,Sawahlunto,Sawahlunto
Indonesia,Sumatera Barat,Sijunjung,Sijunjung
Indonesia,Sumatera Barat,Solok,Solok
Indonesia,Sumatera Barat,Solok Selatan,Solok Selatan
Indonesia,Sumatera Barat,Tanah Datar,Tanah Datar
Indonesia,Sumatera Selatan,Banyu Asin,Banyu Asin
Indonesia,Sumatera Selatan,Empat Lawang,Empat Lawang
Indonesia,Sumatera Selatan,Lahat,Lahat
Indonesia,Sumatera Selatan,Lubuklinggau,Lubuklinggau
Indonesia,Sumatera Selatan,Muara Enim,Muara Enim
Indonesia,Sumatera Selatan,Musi Banyuasin,Musi Banyuasin
Indonesia,Sumatera Selatan,Musi Rawas,Musi Rawas
Indonesia,Sumatera Selatan,Ogan Ilir,Ogan Ilir
Indonesia,Sumatera Selatan,Ogan Komering Ilir,Ogan Komering Ilir
Indonesia,Sumatera Selatan,Ogan Komering Ulu,Ogan Komering Ulu
Indonesia,Sumatera Selatan,Ogan Komering Ulu Selatan,Ogan Komering Ulu Selatan
Indonesia,Sumatera Selatan,Ogan Komering Ulu Timur,Ogan Komering Ulu Timur
Indonesia,Sumatera Selatan,Pagar Alam,Pagar Alam
Indonesia,Sumatera Selatan,Palembang,Palembang
Indonesia,Sumatera Selatan,Prabumulih,Prabumulih
Indonesia,Sumatera Utara,Asahan,Asahan
Indonesia,Sumatera Utara,Batu Bara,Batu Bara
Indonesia,Sumatera Utara,Dairi,Dairi
Indonesia,Sumatera Utara,Deli Serdang,Deli Serdang
Indonesia,Sumatera Utara,Gunungsitoli,Gunungsitoli
Indonesia,Sumatera Utara,Humbang Hasundutan,Humbang Hasundutan
Indonesia,Sumatera Utara,Karo,Karo
Indonesia,Sumatera Utara,Kota Binjai,Kota Binjai
Indonesia,Sumatera Utara,Kota Medan,Kota Medan
Indonesia,Sumatera Utara,Kota Tanjungbalai,Kota Tanjungbalai
Indonesia,Sumatera Utara,Labuhanbatu,Labuhanbatu
Indonesia,Sumatera Utara,Labuhanbatu Selatan,Labuhanbatu Selatan
Indonesia,Sumatera Utara,Labuhanbatu Utara,Labuhanbatu Utara
Indonesia,Sumatera Utara,Lake Toba,Lake Toba
Indonesia,Sumatera Utara,Langkat,Langkat
Indonesia,Sumatera Utara,Mandailing Natal,Mandailing Natal
Indonesia,Sumatera Utara,Nias,Nias
Indonesia,Sumatera Utara,Nias Barat,Nias Barat
Indonesia,Sumatera Utara,Nias Selatan,Nias Selatan
Indonesia,Sumatera Utara,Nias Utara,Nias Utara
Indonesia,Sumatera Utara,Padang Lawas,Padang Lawas
Indonesia,Sumatera Utara,Padang Lawas Utara,Padang Lawas Utara
Indonesia,Sumatera Utara,Padangsidimpuan,Padangsidimpuan
Indonesia,Sumatera Utara,Pakpak Barat,Pakpak Barat
Indonesia,Sumatera Utara,Pematangsiantar,Pematangsiantar
Indonesia,Sumatera Utara,Samosir,Samosir
Indonesia,Sumatera Utara,Serdang Bedagai,Serdang Bedagai
Indonesia,Sumatera Utara,Sibolga,Sibolga
Indonesia,Sumatera Utara,Simalungun,Simalungun
Indonesia,Sumatera Utara,Tapanuli Selatan,Tapanuli Selatan
Indonesia,Sumatera Utara,Tapanuli Tengah,Tapanuli Tengah
Indonesia,Sumatera Utara,Tapanuli Utara,Tapanuli Utara
Indonesia,Sumatera Utara,Tebingtinggi,Tebingtinggi
Indonesia,Sumatera Utara,Toba Samosir,Toba Samosir
Indonesia,Yogyakarta,Bantul,Bantul
Indonesia,Yogyakarta,Gunung Kidul,Gunung Kidul
Indonesia,Yogyakarta,Kota Yogyakarta,Kota Yogyakarta
Indonesia,Yogyakarta,Kulon Progo,Kulon Progo
Indonesia,Yogyakarta,Sleman,Sleman
Malaysia,Johor,Pengerang,Pengerang
Malaysia,Johor,Batu Pahat,Batu Pahat
Malaysia,Johor,Labis,Labis
Malaysia,Johor,Yong Peng,Yong Peng
Malaysia,Johor,Johor Baharu,Johor Bahru
Malaysia,Johor,Johor Baharu,Johor Bharu
Malaysia,Johor,Johor Baharu,Johor Baharu
Malaysia,Johor,Keluang,Keluang
Malaysia,Johor,Kota Tinggi,Kota Tinggi
Malaysia,Johor,Chaah,Chaah
Malaysia,Johor,Kulai,Kulai
Malaysia,Johor,Kulai,Kulaijaya
Malaysia,Johor,Ledang,Ledang
Malaysia,Johor,Mersing,Mersing
Malaysia,Johor,Parit Jawa,Parit Jawa
Malaysia,Johor,Muar,Muar
Malaysia,Johor,Pontian,Pontian
Malaysia,Johor,Kluang,Kluang
Malaysia,Johor,Segamat,Segamat
Malaysia,Kedah,Baling,Baling
Malaysia,Kedah,Bandar Baharu,Bandar Bharu
Malaysia,Kedah,Bandar Baharu,Bandar Bahru
Malaysia,Kedah,Bandar Baharu,Bandar Baharu
Malaysia,Kedah,Kota Setar,Kota Setar
Malaysia,Kedah,Kuala Muda,Kuala Muda
Malaysia,Kedah,Kubang Pasu,Kubang Pasu
Malaysia,Kedah,Sintok,Sintok
Malaysia,Kedah,Kulim,Kulim
Malaysia,Kedah,Kodiang,Kodiang
Malaysia,Kedah,Langkawi,Langkawi
Malaysia,Kedah,Padang Terap,Padang Terap
Malaysia,Kedah,Pendang,Pendang
Malaysia,Kedah,Kuala Nerang,Kuala Nerang
Malaysia,Kedah,Jitra,Jitra
Malaysia,Kedah,Pokok Sena,Pokok Sena
Malaysia,Kedah,Merbok,Merbok
Malaysia,Kedah,Alor Setar,Alor Setar
Malaysia,Kedah,Sungai Petani,Sungai Petani
Malaysia,Kedah,Changlun,Changlun
Malaysia,Kedah,Sik,Sik
Malaysia,Kedah,Bukit Kayu Hitam,Bukit Kayu Hitam
Malaysia,Kedah,Yan,Yan
Malaysia,Kelantan,Pengkalan Chepa,Pengkalan Chepa
Malaysia,Kelantan,Bachok,Bachok
Malaysia,Kelantan,Gua Musang,Gua Musang
Malaysia,Kelantan,Wakaf Baharu,Wakaf Bahru
Malaysia,Kelantan,Wakaf Baharu,Wakaf Baharu
Malaysia,Kelantan,Wakaf Baharu,Wakaf Bharu
Malaysia,Kelantan,Pasir Puteh,Pasir Puteh
Malaysia,Kelantan,Jeli,Jeli
Malaysia,Kelantan,Kota Bharu,Kota Bharu
Malaysia,Kelantan,Kuala Krai,Kuala Krai
Malaysia,Kelantan,Machang,Machang
Malaysia,Kelantan,Pasir Mas,Pasir Mas
Malaysia,Kelantan,Pasir Putih,Pasir Putih
Malaysia,Kelantan,Tanah Merah,Tanah Merah
Malaysia,Kelantan,Tumpat,Tumpat
Malaysia,Kuala Lumpur,Bangsar,Bangsar
Malaysia,Kuala Lumpur,Kuala Lumpur,Kuala Lumpur
Malaysia,Labuan,Labuan,Labuan
Malaysia,Melaka,Masjid Tanah,Masjid Tanah
Malaysia,Melaka,Alor Gajah,Alor Gajah
Malaysia,Melaka,Jasin,Jasin
Malaysia,Melaka,Malacca Town,Malacca Town
Malaysia,Melaka,Melaka Tengah,Melaka Tengah
Malaysia,Negeri Sembilan,Senawang,Senawang
Malaysia,Negeri Sembilan,Nilai,Nilai
Malaysia,Negeri Sembilan,Mantin,Mantin
Malaysia,Negeri Sembilan,Jelebu,Jelebu
Malaysia,Negeri Sembilan,Batu Kikir,Batu Kikir
Malaysia,Negeri Sembilan,Jempol,Jempol
Malaysia,Negeri Sembilan,Bahau,Bahau
Malaysia,Negeri Sembilan,Kuala Pilah,Kuala Pilah
Malaysia,Negeri Sembilan,Port Dickson,Port Dickson
Malaysia,Negeri Sembilan,Gemas,Gemas
Malaysia,Negeri Sembilan,Rembau,Rembau
Malaysia,Negeri Sembilan,Seremban,Seremban
Malaysia,Negeri Sembilan,Labu,Labu
Malaysia,Negeri Sembilan,Tampin,Tampin
Malaysia,Pahang,Kuala Lipis,Kuala Lipis
Malaysia,Pahang,Bentong,Bentong
Malaysia,Pahang,Bera,Bera
Malaysia,Pahang,Cameron Highlands,Cameron Highlands
Malaysia,Pahang,Jerantut,Jerantut
Malaysia,Pahang,Kuantan,Kuantan
Malaysia,Pahang,Lipis,Lipis
Malaysia,Pahang,Maran,Maran
Malaysia,Pahang,Pekan,Pekan
Malaysia,Pahang,Raub,Raub
Malaysia,Pahang,Bukit Fraser,Bukit Fraser
Malaysia,Pahang,Mentakab,Mentakab
Malaysia,Pahang,Rompin,Rompin
Malaysia,Pahang,Temerloh,Temerloh
Malaysia,Perak,Teluk Intan,Teluk Intan
Malaysia,Perak,Bagan Datoh,Bagan Datoh
Malaysia,Perak,Hutan Melintang,Hutan Melintang
Malaysia,Perak,Batang Padang,Batang Padang
Malaysia,Perak,Teronoh,Tronoh
Malaysia,Perak,Teronoh,Teronoh
Malaysia,Perak,Malim Nawar,Malim Nawar
Malaysia,Perak,Hilir Perak,Hilir Perak
Malaysia,Perak,Kamunting,Kamunting
Malaysia,Perak,Gerik,Gerik
Malaysia,Perak,Pantai Remis,Pantai Remis
Malaysia,Perak,Bota,Bota
Malaysia,Perak,Parit Buntar,Parit Buntar
Malaysia,Perak,Hulu Perak,Hulu Perak
Malaysia,Perak,Parit,Parit
Malaysia,Perak,Lenggong,Lenggong
Malaysia,Perak,Sitiawan,Sitiawan
Malaysia,Perak,Tapah,Tapah
Malaysia,Perak,Kerian,Kerian
Malaysia,Perak,Kinta,Kinta
Malaysia,Perak,Kuala Kangsar,Kuala Kangsar
Malaysia,Perak,Larut and Matang,Larut and Matang
Malaysia,Perak,Tanjung Malim,Tanjung Malim
Malaysia,Perak,Sungai Siput,Sungai Siput
Malaysia,Perak,Bidor,Bidor
Malaysia,Perak,Manjung,Manjung
Malaysia,Perak,Perak Tengah,Perak Tengah
Malaysia,Perlis,Arau,Arau
Malaysia,Perlis,Kangar,Kangar
Malaysia,Perlis,Perlis,Perlis
Malaysia,Pulau Pinang,Balik Pulau,Balik Pulau
Malaysia,Pulau Pinang,Nibong Tebal,Nibong Tebal
Malaysia,Pulau Pinang,Permatang Pauh,Permatang Pauh
Malaysia,Pulau Pinang,Bukit Mertajam,Bukit Mertajam
Malaysia,Pulau Pinang,Barat Daya,Barat Daya
Malaysia,Pulau Pinang,Bayan Lepas,Bayan Lepas
Malaysia,Pulau Pinang,Seberang Perai Selatan,Seberang Perai Selatan
Malaysia,Pulau Pinang,Seberang Perai Tengah,Seberang Perai Tengah
Malaysia,Pulau Pinang,Seberang Perai Utara,Seberang Perai Utara
Malaysia,Pulau Pinang,Timur Laut,Timur Laut
Malaysia,Putrajaya,Putrajaya,Putrajaya
Malaysia,Sabah,Beaufort,Beaufort
Malaysia,Sabah,Beluran,Beluran
Malaysia,Sabah,Keningau,Keningau
Malaysia,Sabah,Kinabatangan,Kinabatangan
Malaysia,Sabah,Kota Belud,Kota Belud
Malaysia,Sabah,Kota Kinabalu,Kota Kinabalu
Malaysia,Sabah,Kota Marudu,Kota Marudu
Malaysia,Sabah,Kuala Penyu,Kuala Penyu
Malaysia,Sabah,Kudat,Kudat
Malaysia,Sabah,Kunak,Kunak
Malaysia,Sabah,Lahad Datu,Lahad Datu
Malaysia,Sabah,Nabawan,Nabawan
Malaysia,Sabah,Papar,Papar
Malaysia,Sabah,Penampang,Penampang
Malaysia,Sabah,Pitas,Pitas
Malaysia,Sabah,Putatan,Putatan
Malaysia,Sabah,Ranau,Ranau
Malaysia,Sabah,Sandakan,Sandakan
Malaysia,Sabah,Semporna,Semporna
Malaysia,Sabah,Sipitang,Sipitang
Malaysia,Sabah,Tambunan,Tambunan
Malaysia,Sabah,Tawau,Tawau
Malaysia,Sabah,Tenom,Tenom
Malaysia,Sabah,Tongod,Tongod
Malaysia,Sabah,Tuaran,Tuaran
Malaysia,Sarawak,Asajaya,Asajaya
Malaysia,Sarawak,Bau,Bau
Malaysia,Sarawak,Belaga,Belaga
Malaysia,Sarawak,Betong,Betong
Malaysia,Sarawak,Bintulu,Bintulu
Malaysia,Sarawak,Dalat,Dalat
Malaysia,Sarawak,Daro,Daro
Malaysia,Sarawak,Julau,Julau
Malaysia,Sarawak,Kanowit,Kanowit
Malaysia,Sarawak,Kapit,Kapit
Malaysia,Sarawak,Kuching,Kuching
Malaysia,Sarawak,Lawas,Lawas
Malaysia,Sarawak,Limbang,Limbang
Malaysia,Sarawak,Lubok Antu,Lubok Antu
Malaysia,Sarawak,Lundu,Lundu
Malaysia,Sarawak,Marudi,Marudi
Malaysia,Sarawak,Matu,Matu
Malaysia,Sarawak,Meradong,Meradong
Malaysia,Sarawak,Miri,Miri
Malaysia,Sarawak,Mukah,Mukah
Malaysia,Sarawak,Pakan,Pakan
Malaysia,Sarawak,Samarahan,Samarahan
Malaysia,Sarawak,Saratok,Saratok
Malaysia,Sarawak,Sarikei,Sarikei
Malaysia,Sarawak,Selangau,Selangau
Malaysia,Sarawak,Serian,Serian
Malaysia,Sarawak,Sibu,Sibu
Malaysia,Sarawak,Simunjan,Simunjan
Malaysia,Sarawak,Song,Song
Malaysia,Sarawak,Sri Aman,Sri Aman
Malaysia,Sarawak,Tatau,Tatau
Malaysia,Selangor,Sungai  Buloh,Sungai  Buloh
Malaysia,Selangor,Bangi,Bangi
Malaysia,Selangor,Gombak,Gombak
Malaysia,Selangor,Batu Caves,Batu Caves (town)
Malaysia,Selangor,Batu Caves,Batu Caves
Malaysia,Selangor,Hulu Langat,Hulu Langat
Malaysia,Selangor,Subang Jaya,Subang Jaya
Malaysia,Selangor,Hulu Selangor,Hulu Selangor
Malaysia,Selangor,Ulu Klang,Ulu Kelang
Malaysia,Selangor,Ulu Klang,Ulu Klang
Malaysia,Selangor,Klang,Kelang
Malaysia,Selangor,Klang,Klang
Malaysia,Selangor,Setapak,Setapak
Malaysia,Selangor,Kuala Kubu Bharu,Kuala Kubu Bahru
Malaysia,Selangor,Kuala Kubu Bharu,Kuala Kubu Baharu
Malaysia,Selangor,Kuala Kubu Bharu,Kuala Kubu Bharu
Malaysia,Selangor,Cyberjaya,Cyber Jaya
Malaysia,Selangor,Cyberjaya,Cyberjaya
Malaysia,Selangor,Seri Kembangan,Seri Kembangan
Malaysia,Selangor,Puncak Alam,Puncak Alam
Malaysia,Selangor,Semenyih,Semenyih
Malaysia,Selangor,Kuala Langat,Kuala Langat
Malaysia,Selangor,Kuala Selangor,Kuala Selangor
Malaysia,Selangor,Port Klang,Port Kelang
Malaysia,Selangor,Port Klang,Port Klang
Malaysia,Selangor,Ulu Yam Baharu,Ulu Yam Bahru
Malaysia,Selangor,Ulu Yam Baharu,Ulu Yam Bharu
Malaysia,Selangor,Ulu Yam Baharu,Ulu Yam Baharu
Malaysia,Selangor,Sungai Buloh,Sungai Buloh
Malaysia,Selangor,Sungai Besar,Sungai Besar
Malaysia,Selangor,Petaling,Petaling
Malaysia,Selangor,Kuang,Kuang
Malaysia,Selangor,Puchong,Puchong
Malaysia,Selangor,Bagan Nakhoda Omar,Bagan Nakhoda Omar
Malaysia,Selangor,Sabak Bernam,Sabak Bernam
Malaysia,Selangor,Banting,Banting
Malaysia,Selangor,Sepang,Sepang
Malaysia,Trengganu,Besut,Besut
Malaysia,Trengganu,Seberang Takir,Seberang Takir
Malaysia,Trengganu,Dungun,Dungun
Malaysia,Trengganu,Hulu Terengganu,Hulu Terengganu
Malaysia,Trengganu,Kemaman,Kemaman
Malaysia,Trengganu,Kuala Berang,Kuala Berang
Malaysia,Trengganu,Kuala Terengganu,Kuala Terengganu
Malaysia,Trengganu,Marang,Marang
Malaysia,Trengganu,Merchang,Merchang
Malaysia,Trengganu,Kuala Besut,Kuala Besut
Malaysia,Trengganu,Kampung Raja,Kampung Raja
Malaysia,Trengganu,Paka,Paka
Malaysia,Trengganu,Jerteh,Jerteh
Malaysia,Trengganu,Setiu,Setiu
