country,state,city,keyword
Indonesia,Aceh,Aceh,NAD
Indonesia,Aceh,Aceh,Nanggroe Aceh Darussalam
Indonesia,Aceh,Aceh,Aceh
Indonesia,Bali,Bali,Bali
Indonesia,Bangka Belitung,Bangka Belitung,Babel
Indonesia,Bangka Belitung,Bangka Belitung,Bangka-Belitung
Indonesia,Bangka Belitung,Bangka Belitung,Bangka Belitung
Indonesia,Banten,Banten,Banten
Indonesia,Bengkulu,Bengkulu,Bengkulu
Indonesia,Gorontalo,Gorontalo,Gorontalo
Indonesia,Jakarta Raya,Jakarta Raya,Jakarta City
Indonesia,Jakarta Raya,Jakarta Raya,Jakarta
Indonesia,Jakarta Raya,Jakarta Raya,DKI Jakarta
Indonesia,Jakarta Raya,Jakarta Raya,J K T
Indonesia,Jakarta Raya,Jakarta Raya,Jkt
Indonesia,Jakarta Raya,Jakarta Raya,Jak
Indonesia,Jakarta Raya,Jakarta Raya,Jakarta Raya
Indonesia,Jambi,Jambi,Jambi
Indonesia,Jawa Barat,Jawa Barat,West Java
Indonesia,Jawa Barat,Jawa Barat,Ja Bar
Indonesia,Jawa Barat,Jawa Barat,Jabar
Indonesia,Jawa Barat,Jawa Barat,Jawa Barat
Indonesia,Jawa Tengah,Jawa Tengah,Central Java
Indonesia,Jawa Tengah,Jawa Tengah,Jateng
Indonesia,Jawa Tengah,Jawa Tengah,Ja Teng
Indonesia,Jawa Tengah,Jawa Tengah,Jawa Tengah
Indonesia,Jawa Timur,Jawa Timur,East Java
Indonesia,Jawa Timur,Jawa Timur,Jatim
Indonesia,Jawa Timur,Jawa Timur,Ja Tim
Indonesia,Jawa Timur,Jawa Timur,Jawa Timur
Indonesia,Kalimantan Barat,Kalimantan Barat,KalBar
Indonesia,Kalimantan Barat,Kalimantan Barat,Kal Bar
Indonesia,Kalimantan Barat,Kalimantan Barat,West Kalimantan
Indonesia,Kalimantan Barat,Kalimantan Barat,Kalimantan Barat
Indonesia,Kalimantan Selatan,Kalimantan Selatan,KalSel
Indonesia,Kalimantan Selatan,Kalimantan Selatan,Kal Sel
Indonesia,Kalimantan Selatan,Kalimantan Selatan,South Kalimantan
Indonesia,Kalimantan Selatan,Kalimantan Selatan,Kalimantan Selatan
Indonesia,Kalimantan Tengah,Kalimantan Tengah,Kal Teng
Indonesia,Kalimantan Tengah,Kalimantan Tengah,KalTeng
Indonesia,Kalimantan Tengah,Kalimantan Tengah,Central Kalimantan
Indonesia,Kalimantan Tengah,Kalimantan Tengah,Kalimantan Tengah
Indonesia,Kalimantan Utara,Kalimantan Utara,Kalimantan Utara
Indonesia,Kalimantan Utara,Kalimantan Utara,Kaltara
Indonesia,Kalimantan Utara,Kalimantan Utara,KalUt
Indonesia,Kalimantan Utara,Kalimantan Utara,Kal Ut
Indonesia,Kalimantan Utara,Kalimantan Utara,North Kalimantan
Indonesia,Kalimantan Timur,Kalimantan Timur,Kal Tim
Indonesia,Kalimantan Timur,Kalimantan Timur,KalTim
Indonesia,Kalimantan Timur,Kalimantan Timur,East Kalimantan
Indonesia,Kalimantan Timur,Kalimantan Timur,Kalimantan Timur
Indonesia,Kepulauan Riau,Kepulauan Riau,Kep Riau
Indonesia,Kepulauan Riau,Kepulauan Riau,Riau Island
Indonesia,Kepulauan Riau,Kepulauan Riau,Riau Islands
Indonesia,Kepulauan Riau,Kepulauan Riau,Kepulauan Riau
Indonesia,Lampung,Lampung,Lampung
Indonesia,Maluku,Maluku,Maluku
Indonesia,Maluku Utara,Maluku Utara,North Maluku
Indonesia,Maluku Utara,Maluku Utara,Maluku Utara
Indonesia,Nusa Tenggara Barat,Nusa Tenggara Barat,NTB
Indonesia,Nusa Tenggara Barat,Nusa Tenggara Barat,West Nusa Tenggara
Indonesia,Nusa Tenggara Barat,Nusa Tenggara Barat,Nusa Tenggara Barat
Indonesia,Nusa Tenggara Timur,Nusa Tenggara Timur,NTT
Indonesia,Nusa Tenggara Timur,Nusa Tenggara Timur,East Nusa Tenggara
Indonesia,Nusa Tenggara Timur,Nusa Tenggara Timur,Nusa Tenggara Timur
Indonesia,Papua,Papua,Papua
Indonesia,Papua Barat,Papua Barat,West Papua
Indonesia,Papua Barat,Papua Barat,Papua Barat
Indonesia,Riau,Riau,Riau
Indonesia,Sulawesi Barat,Sulawesi Barat,Sul Bar
Indonesia,Sulawesi Barat,Sulawesi Barat,SulBar
Indonesia,Sulawesi Barat,Sulawesi Barat,West Sulawesi
Indonesia,Sulawesi Barat,Sulawesi Barat,Sulawesi Barat
Indonesia,Sulawesi Selatan,Sulawesi Selatan,SulSel
Indonesia,Sulawesi Selatan,Sulawesi Selatan,Sul Sel
Indonesia,Sulawesi Selatan,Sulawesi Selatan,South Sulawesi
Indonesia,Sulawesi Selatan,Sulawesi Selatan,Sulawesi Selatan
Indonesia,Sulawesi Tengah,Sulawesi Tengah,SulTeng
Indonesia,Sulawesi Tengah,Sulawesi Tengah,Sul Teng
Indonesia,Sulawesi Tengah,Sulawesi Tengah,Central Sulawesi
Indonesia,Sulawesi Tengah,Sulawesi Tengah,SulTra
Indonesia,Sulawesi Tenggara,Sulawesi Tenggara,Sul Tra
Indonesia,Sulawesi Tenggara,Sulawesi Tenggara,South East Sulawesi
Indonesia,Sulawesi Tenggara,Sulawesi Tenggara,Southeast Sulawesi
Indonesia,Sulawesi Tenggara,Sulawesi Tenggara,Sulawesi Tenggara
Indonesia,Sulawesi Utara,Sulawesi Utara,Sultara
Indonesia,Sulawesi Utara,Sulawesi Utara,SulUt
Indonesia,Sulawesi Utara,Sulawesi Utara,Sul Ut
Indonesia,Sulawesi Utara,Sulawesi Utara,North Sulawesi
Indonesia,Sulawesi Utara,Sulawesi Utara,Sulawesi Utara
Indonesia,Sumatera Barat,Sumatera Barat,SumBar
Indonesia,Sumatera Barat,Sumatera Barat,Sum Bar
Indonesia,Sumatera Barat,Sumatera Barat,West Sumatra
Indonesia,Sumatera Barat,Sumatera Barat,West Sumatera
Indonesia,Sumatera Barat,Sumatera Barat,Sumatra Barat
Indonesia,Sumatera Barat,Sumatera Barat,Sumatera Barat
Indonesia,Sumatera Selatan,Sumatera Selatan,Sum Sel
Indonesia,Sumatera Selatan,Sumatera Selatan,SumSel
Indonesia,Sumatera Selatan,Sumatera Selatan,Sumatra Selatan
Indonesia,Sumatera Selatan,Sumatera Selatan,South Sumatra
Indonesia,Sumatera Selatan,Sumatera Selatan,South Sumatera
Indonesia,Sumatera Selatan,Sumatera Selatan,Sumatera Selatan
Indonesia,Sumatera Utara,Sumatera Utara,SumUt
Indonesia,Sumatera Utara,Sumatera Utara,Sum Ut
Indonesia,Sumatera Utara,Sumatera Utara,Sumatra Utara
Indonesia,Sumatera Utara,Sumatera Utara,North Sumatra
Indonesia,Sumatera Utara,Sumatera Utara,North Sumatera
Indonesia,Sumatera Utara,Sumatera Utara,Sumatera Utara
Indonesia,Yogyakarta,Yogyakarta,D I Yogyakarta
Indonesia,Yogyakarta,Yogyakarta,DI Yogyakarta
Indonesia,Yogyakarta,Yogyakarta,Yogya
Indonesia,Yogyakarta,Yogyakarta,Jogja
Indonesia,Yogyakarta,Yogyakarta,Daerah Istimewa Yogyakarta
Indonesia,Yogyakarta,Yogyakarta,D I Y
Indonesia,Yogyakarta,Yogyakarta,DIY
Indonesia,Yogyakarta,Yogyakarta,Jogjakarta
Indonesia,Yogyakarta,Yogyakarta,Yogyakarta
Malaysia,Johor,Johor,Johor
Malaysia,Kedah,Kedah,Kedah
Malaysia,Kelantan,Kelantan,Kelantan
Malaysia,Kuala Lumpur,Kuala Lumpur,K L
Malaysia,Kuala Lumpur,Kuala Lumpur,KL
Malaysia,Kuala Lumpur,Kuala Lumpur,Kuala Lumpur
Malaysia,Labuan,Labuan,Labuan
Malaysia,Melaka,Melaka,Malacca
Malaysia,Melaka,Melaka,Melaka
Malaysia,Negeri Sembilan,Negeri Sembilan,N Sembilan
Malaysia,Negeri Sembilan,Negeri Sembilan,Negeri Sembilan
Malaysia,Pahang,Pahang,Pahang
Malaysia,Perak,Perak,Perak
Malaysia,Perlis,Perlis,Perlis
Malaysia,Pulau Pinang,Pulau Pinang,Pulau Penang
Malaysia,Pulau Pinang,Pulau Pinang,Penang
Malaysia,Pulau Pinang,Pulau Pinang,Penang Island
Malaysia,Pulau Pinang,Pulau Pinang,Pinang Island
Malaysia,Pulau Pinang,Pulau Pinang,P Pinang
Malaysia,Pulau Pinang,Pulau Pinang,Pinang
Malaysia,Pulau Pinang,Pulau Pinang,Pulau Pinang
Malaysia,Putrajaya,Putrajaya,Putra Jaya
Malaysia,Putrajaya,Putrajaya,Putrajaya
Malaysia,Sabah,Sabah,Sabah
Malaysia,Sarawak,Sarawak,Sarawak
Malaysia,Selangor,Selangor,Slangor
Malaysia,Selangor,Selangor,Selangor
Malaysia,Trengganu,Trengganu,Terengganu
Malaysia,Trengganu,Trengganu,Trengganu
